도로코드,도로명,도로분류그룹코드,도로분류그룹코드명,도로구분코드,도로구분명,도로순서,도로폭,차선수,소통제공여부,사용여부,도로거리
247,서울시립대로,01,기본도로,04,보조간선도로,,,6,,Y,1521
248,제1순환고속도로,04,기타도로,06,경기도로,,,,,Y,
249,서울춘천고속도로,04,기타도로,06,경기도로,,,,,Y,
255,석계로1길,01,기본도로,05,기타도로,,,2,,Y,768
259,선유서로,01,기본도로,05,기타도로,,,2,,Y,1115
262,성남대로,04,기타도로,06,경기도로,,,,,Y,
270,성안로,01,기본도로,05,기타도로,,,4,,Y,2429
274,세종대로,01,기본도로,03,주간선도로,,,11,,Y,2136
276,세종대로20길,01,기본도로,05,기타도로,,,3,,Y,185
281,소월로3길,01,기본도로,05,기타도로,,,8,,Y,313
286,송이로,01,기본도로,05,기타도로,,,4,,Y,2582
291,수락산로,01,기본도로,05,기타도로,,,4,,Y,2583
297,신길로,01,기본도로,04,보조간선도로,,,4,,Y,3016
305,신이문로,01,기본도로,05,기타도로,,,2,,Y,468
307,신정중앙로,01,기본도로,05,기타도로,,,4,,Y,1152
312,쑥고개로,01,기본도로,04,보조간선도로,,,4,,Y,1425
316,아리수로82길,01,기본도로,05,기타도로,,,2,,N,506
322,약령시로,01,기본도로,05,기타도로,,,4,,Y,1691
328,양재대로156길,01,기본도로,05,기타도로,,,2,,Y,705
336,양천로61길,01,기본도로,05,기타도로,,,4,,Y,297
340,여의나루로,01,기본도로,05,기타도로,,,6,,Y,1341
344,여의서로,01,기본도로,04,보조간선도로,,,4,,Y,3120
349,연서로48길,01,기본도로,05,기타도로,,,,,N,937
350,연세로,01,기본도로,05,기타도로,,,4,,Y,540
352,연희맛로,01,기본도로,05,기타도로,,,2,,Y,1364
353,영동고속도로,04,기타도로,06,경기도로,,,,,Y,
362,오패산로,01,기본도로,04,보조간선도로,,,4,,Y,4220
3,가로공원로,01,기본도로,04,보조간선도로,,,6,,Y,1884
10,가좌로,01,기본도로,04,보조간선도로,,,4,,Y,3429
12,강남대로,01,기본도로,03,주간선도로,,,10,,Y,7797
15,강변역로,01,기본도로,05,기타도로,,,6,,Y,747
16,강변역로4길,01,기본도로,05,기타도로,,,6,,Y,276
29,경춘북로,01,기본도로,04,보조간선도로,,,4,,Y,604
33,고덕로61길,01,기본도로,05,기타도로,,,4,,Y,812
38,고척로,01,기본도로,05,기타도로,,,4,,Y,2471
43,공항대로41길,01,기본도로,05,기타도로,,,4,,Y,813
49,광운로,01,기본도로,05,기타도로,,,4,,Y,1544
50,광평로,01,기본도로,03,주간선도로,,,8,,Y,3435
56,국제금융로,01,기본도로,05,기타도로,,,6,,Y,1318
63,금호로,01,기본도로,04,보조간선도로,,,4,,Y,3198
68,나루터로,01,기본도로,05,기타도로,,,4,,Y,909
71,난곡로,01,기본도로,04,보조간선도로,,,5,,Y,3710
80,노들로,01,기본도로,03,주간선도로,,,6,,Y,8774
82,노량진로23길,01,기본도로,05,기타도로,,,2,,Y,270
87,녹사평대로26길,01,기본도로,05,기타도로,,,2,,Y,505
90,능동로,01,기본도로,04,보조간선도로,,,6,,Y,4475
97,대방천로,01,기본도로,04,보조간선도로,,,6,,Y,2672
100,덕릉로,01,기본도로,04,보조간선도로,,,6,,Y,9680
102,도곡로,01,기본도로,04,보조간선도로,,,8,,Y,4680
104,도당로,01,기본도로,05,기타도로,,,4,,Y,1529
105,도림로,01,기본도로,04,보조간선도로,,,6,,Y,4939
107,도봉로,01,기본도로,03,주간선도로,,,8,,Y,9984
109,도봉로8길,01,기본도로,05,기타도로,,,4,,Y,903
114,독산로,01,기본도로,04,보조간선도로,,,4,,Y,3731
116,돈화문로,01,기본도로,04,보조간선도로,,,3,,Y,1033
117,돌곶이로,01,기본도로,04,보조간선도로,,,4,,Y,2045
119,동남로,01,기본도로,04,보조간선도로,,,6,,Y,10525
121,동남로79길,01,기본도로,05,기타도로,,,2,,Y,392
122,동남로81길,01,기본도로,05,기타도로,,,2,,Y,521
125,동소문로,01,기본도로,03,주간선도로,,,8,,Y,3338
126,동소문로20길,01,기본도로,05,기타도로,,,2,,Y,251
128,동일로173가길,01,기본도로,05,기타도로,,,4,,Y,902
131,동일로214길,01,기본도로,05,기타도로,,,2,,Y,598
133,동작대로,01,기본도로,03,주간선도로,,,8,,Y,5195
135,두산로,01,기본도로,05,기타도로,,,4,,Y,916
137,등촌로,01,기본도로,04,보조간선도로,,,6,,Y,2452
139,디지털로10길,01,기본도로,05,기타도로,,,4,,Y,619
140,디지털로9길,01,기본도로,05,기타도로,,,4,,Y,770
143,마른내로,01,기본도로,04,보조간선도로,,,2,,Y,1758
146,마장로1길,01,기본도로,05,기타도로,,,2,,Y,216
147,마조로,01,기본도로,04,보조간선도로,,,2,,Y,865
153,망원로,01,기본도로,05,기타도로,,,4,,Y,2147
157,명달로,01,기본도로,05,기타도로,,,4,,Y,1535
163,목동동로,01,기본도로,04,보조간선도로,,,5,,Y,5538
168,무학로,01,기본도로,04,보조간선도로,,,6,,Y,2068
172,문정로4길,01,기본도로,04,보조간선도로,,,2,,Y,398
177,방학로,01,기본도로,04,보조간선도로,,,6,,Y,3971
180,방화대로48길,01,기본도로,05,기타도로,,,4,,Y,287
182,백범로,01,기본도로,04,보조간선도로,,,6,,Y,4159
187,벌말로,01,기본도로,05,기타도로,,,4,,Y,520
192,보라매로,01,기본도로,04,보조간선도로,,,6,,Y,1184
194,봉우재로,01,기본도로,04,보조간선도로,,,4,,Y,2464
196,봉은사로114길,01,기본도로,05,기타도로,,,2,,Y,613
199,부일로,01,기본도로,05,기타도로,,,4,,Y,1596
201,북악산로,01,기본도로,04,보조간선도로,,,4,,Y,11395
202,북촌로,01,기본도로,05,기타도로,,,4,,Y,1519
204,분당수서로,01,기본도로,02,도시고속도로,,,6,,Y,10159
206,불광천길,01,기본도로,05,기타도로,,,2,,Y,458
208,사당로,01,기본도로,03,주간선도로,,,6,,Y,3156
211,사직로8길,01,기본도로,05,기타도로,,,5,,Y,905
214,삼각산로,01,기본도로,05,기타도로,,,2,,Y,1223
215,삼봉로,01,기본도로,05,기타도로,,,2,,Y,343
217,삼성로,01,기본도로,04,보조간선도로,,,8,,Y,5066
219,삼일대로,01,기본도로,03,주간선도로,,,8,,Y,4802
221,삼전로1길,01,기본도로,05,기타도로,,,2,,Y,277
223,삼학사로,01,기본도로,05,기타도로,,,4,,Y,1422
224,삼학사로1길,01,기본도로,05,기타도로,,,4,,Y,1107
226,상계로,01,기본도로,04,보조간선도로,,,4,,Y,3236
228,상봉로,01,기본도로,04,보조간선도로,,,4,,Y,1379
231,상암로61길,01,기본도로,05,기타도로,,,2,,Y,285
232,상암로79길,01,기본도로,05,기타도로,,,4,,Y,583
236,새말로20길,01,기본도로,05,기타도로,,,6,,Y,548
238,새문안로5길,01,기본도로,05,기타도로,,,3,,Y,625
240,서강로,01,기본도로,05,기타도로,,,8,,Y,1535
363,오현로,01,기본도로,04,보조간선도로,,,4,,Y,2163
365,올림픽로,01,기본도로,03,주간선도로,,,8,,Y,9491
368,와우산로,01,기본도로,05,기타도로,,,4,,Y,1456
369,왕산로,01,기본도로,03,주간선도로,,,8,,Y,3218
371,용마산로,01,기본도로,04,보조간선도로,,,6,,Y,7332
372,용인서울고속도로,04,기타도로,06,경기도로,,,,,Y,
374,우면산로,01,기본도로,05,기타도로,,,4,,Y,3134
376,우정국로,01,기본도로,04,보조간선도로,,,6,,Y,769
380,월드컵로,01,기본도로,04,보조간선도로,,,8,,Y,4968
381,월드컵북로,01,기본도로,04,보조간선도로,,,6,,Y,5237
382,위례성대로,01,기본도로,04,보조간선도로,,,10,,Y,2662
384,은천로,01,기본도로,04,보조간선도로,,,4,,Y,1913
386,을지로,01,기본도로,03,주간선도로,,,7,,Y,3019
388,응암로,01,기본도로,04,보조간선도로,,,4,,Y,3878
389,의사당대로,01,기본도로,04,보조간선도로,,,8,,Y,1425
391,이촌로,01,기본도로,05,기타도로,,,4,,Y,4710
394,이태원로,01,기본도로,04,보조간선도로,,,6,,Y,3049
395,인수봉로,01,기본도로,04,보조간선도로,,,4,,Y,3196
397,인천국제공항고속도로,04,기타도로,06,경기도로,,,,,Y,
399,인촌로24길,01,기본도로,05,기타도로,,,1,,Y,403
401,인촌로8길,01,기본도로,05,기타도로,,,2,,Y,820
402,일원로,01,기본도로,05,기타도로,,,6,,Y,1215
404,자양번영로,01,기본도로,05,기타도로,,,2,,Y,960
409,잠실로,01,기본도로,05,기타도로,,,7,,Y,2162
411,장문로,01,기본도로,05,기타도로,,,2,,Y,1009
413,장안벚꽃로,01,기본도로,05,기타도로,,,4,,Y,2935
417,전농로,01,기본도로,04,보조간선도로,,,5,,Y,2507
419,정릉로,01,기본도로,04,보조간선도로,,,6,,Y,3789
421,제2경인고속도로,04,기타도로,06,경기도로,,,,,Y,
422,제2중부고속도로,04,기타도로,06,경기도로,,,,,Y,
425,조원중앙로,01,기본도로,05,기타도로,,,4,,Y,790
427,종로,01,기본도로,03,주간선도로,,,8,,Y,4180
428,종로1길,01,기본도로,05,기타도로,,,4,,Y,450
431,중계로,01,기본도로,05,기타도로,,,4,,Y,2490
432,중대로,01,기본도로,04,보조간선도로,,,7,,Y,3259
435,중랑천로,01,기본도로,05,기타도로,,,4,,Y,3264
438,중앙로,01,기본도로,04,보조간선도로,,,6,,Y,3763
440,증산로,01,기본도로,04,보조간선도로,,,8,,Y,6754
443,진관2로,01,기본도로,05,기타도로,,,4,,Y,1332
445,진흥로,01,기본도로,03,주간선도로,,,6,,Y,5080
449,천중로,01,기본도로,05,기타도로,,,4,,Y,2033
451,천호대로157길,01,기본도로,05,기타도로,,,1,,Y,318
453,천호옛길,01,기본도로,05,기타도로,,,2,,Y,929
454,청계천로,01,기본도로,03,주간선도로,,,4,,Y,5917
456,청파로,01,기본도로,03,주간선도로,,,6,,Y,4451
459,초원로,01,기본도로,05,기타도로,,,4,,Y,675
462,충민로2길,01,기본도로,04,보조간선도로,,,4,,Y,805
464,칠패로,01,기본도로,04,보조간선도로,,,6,,Y,581
467,태봉로,01,기본도로,05,기타도로,,,6,,Y,1627
470,테헤란로115길,01,기본도로,04,보조간선도로,,,4,,Y,1275
471,토정로,01,기본도로,04,보조간선도로,,,4,,Y,3225
474,평창문화로,01,기본도로,04,보조간선도로,,,6,,Y,3168
475,풍성로,01,기본도로,05,기타도로,,,4,,Y,3250
477,하늘길,01,기본도로,05,기타도로,,,8,,Y,676
479,학동로,01,기본도로,04,보조간선도로,,,6,,Y,3605
481,한강대로,01,기본도로,03,주간선도로,,,10,,Y,4240
484,한남대로,01,기본도로,03,주간선도로,,,8,,Y,2170
486,한천로58길,01,기본도로,04,보조간선도로,,,4,,Y,855
488,해등로,01,기본도로,04,보조간선도로,,,4,,Y,3863
491,헌릉로,01,기본도로,03,주간선도로,,,10,,Y,8657
493,혜화로,01,기본도로,05,기타도로,,,2,,Y,984
495,홍릉로,01,기본도로,05,기타도로,,,4,,Y,1272
496,홍익로,01,기본도로,04,보조간선도로,,,4,,Y,355
498,화계사길,01,기본도로,05,기타도로,,,2,,N,507
501,화랑로32길,01,기본도로,05,기타도로,,,2,,N,323
502,회기로,01,기본도로,04,보조간선도로,,,4,,Y,1993
505,효자로,01,기본도로,04,보조간선도로,,,4,,Y,1169
506,효창원로,01,기본도로,05,기타도로,,,4,,Y,1997
508,휘경로,01,기본도로,05,기타도로,,,4,,Y,800
509,희우정로,01,기본도로,05,기타도로,,,4,,Y,693
511,평택음성고속도로,04,기타도로,06,경기도로,,,,,Y,
512,오산-화성고속도로,04,기타도로,06,경기도로,,,,,Y,
514,일반국도77호선,04,기타도로,06,경기도로,,,,,Y,
515,중부내륙고속도로,04,기타도로,06,경기도로,,,,,Y,
517,평택-화성고속도로,04,기타도로,06,경기도로,,,,,Y,
519,오정로,01,기본도로,05,기타도로,,,6,,Y,1239
521,은평터널로,01,기본도로,05,기타도로,,,2,,Y,2011
523,망우로36길,01,기본도로,05,기타도로,,,2,,Y,295
1000,가리봉-독산선,02,기능별,12,보조간선 기능별,,,,,Y,
1001,가리봉-신길선,02,기능별,12,보조간선 기능별,,,,,Y,
1002,갈월-동자동선,02,기능별,12,보조간선 기능별,,,,,Y,
1003,개봉선,02,기능별,12,보조간선 기능별,,,,,Y,
1004,고척-가양선,02,기능별,12,보조간선 기능별,,,,,Y,
1005,공릉-우이선,02,기능별,12,보조간선 기능별,,,,,Y,
1006,공항-내발산선,02,기능별,12,보조간선 기능별,,,,,Y,
1007,광명-시흥선,02,기능별,12,보조간선 기능별,,,,,Y,
1008,광장-상일선,02,기능별,12,보조간선 기능별,,,,,Y,
1009,구로-신길선,02,기능별,12,보조간선 기능별,,,,,Y,
1010,구로-염창선,02,기능별,12,보조간선 기능별,,,,,Y,
1011,구의-광장선,02,기능별,12,보조간선 기능별,,,,,Y,
1012,구의선,02,기능별,12,보조간선 기능별,,,,,Y,
1013,궁동-영등포선,02,기능별,12,보조간선 기능별,,,,,Y,
1014,남산2호터널선,02,기능별,12,보조간선 기능별,,,,,Y,
1015,남창-남산선,02,기능별,12,보조간선 기능별,,,,,Y,
1016,노고산-창신선,02,기능별,12,보조간선 기능별,,,,,Y,
1017,노원역-당고개역선,02,기능별,12,보조간선 기능별,,,,,Y,
1018,노유-중곡선,02,기능별,12,보조간선 기능별,,,,,Y,
1019,답십리-전농선,02,기능별,12,보조간선 기능별,,,,,Y,
1020,대림-영등포선,02,기능별,12,보조간선 기능별,,,,,Y,
1021,도봉산입구선,02,기능별,12,보조간선 기능별,,,,,Y,
1022,도봉역선,02,기능별,12,보조간선 기능별,,,,,Y,
1023,독산-등촌선,02,기능별,12,보조간선 기능별,,,,,Y,
1024,독산-봉천선,02,기능별,12,보조간선 기능별,,,,,Y,
1025,돈암-창동선,02,기능별,12,보조간선 기능별,,,,,Y,
1026,동교-월곡선,02,기능별,12,보조간선 기능별,,,,,Y,
1027,동선-정릉선,02,기능별,12,보조간선 기능별,,,,,Y,
1028,마장-사근선,02,기능별,12,보조간선 기능별,,,,,Y,
1029,망우-공릉선,02,기능별,12,보조간선 기능별,,,,,Y,
1031,면목-상봉선,02,기능별,12,보조간선 기능별,,,,,Y,
1032,목동선,02,기능별,12,보조간선 기능별,,,,,Y,
1033,문래-당산선,02,기능별,12,보조간선 기능별,,,,,Y,
1034,문래-신길선,02,기능별,12,보조간선 기능별,,,,,Y,
1035,문정-고덕선,02,기능별,12,보조간선 기능별,,,,,Y,
1036,미아-상계선,02,기능별,12,보조간선 기능별,,,,,Y,
1037,미아-수유선,02,기능별,12,보조간선 기능별,,,,,Y,
1038,방배-잠실선,02,기능별,12,보조간선 기능별,,,,,Y,
1039,방배선,02,기능별,12,보조간선 기능별,,,,,Y,
1040,방이-마천선,02,기능별,12,보조간선 기능별,,,,,Y,
1041,방화-염창선,02,기능별,12,보조간선 기능별,,,,,Y,
1042,봉래-관훈선,02,기능별,12,보조간선 기능별,,,,,Y,
1043,봉우재선,02,기능별,12,보조간선 기능별,,,,,Y,
1044,봉천-상도선,02,기능별,12,보조간선 기능별,,,,,Y,
1045,북가좌-역촌선,02,기능별,12,보조간선 기능별,,,,,Y,
1046,사직-종암선,02,기능별,12,보조간선 기능별,,,,,Y,
1047,상도-사당선,02,기능별,12,보조간선 기능별,,,,,Y,
1048,상암-대흥선,02,기능별,12,보조간선 기능별,,,,,Y,
1049,상암-서교선,02,기능별,12,보조간선 기능별,,,,,Y,
1050,상암-성산선,02,기능별,12,보조간선 기능별,,,,,Y,
1051,상암선,02,기능별,12,보조간선 기능별,,,,,Y,
1052,상일-고덕선,02,기능별,12,보조간선 기능별,,,,,Y,
1053,상황-동소문선,02,기능별,12,보조간선 기능별,,,,,Y,
1054,서초-개포선,02,기능별,12,보조간선 기능별,,,,,Y,
1055,서초-청담선,02,기능별,12,보조간선 기능별,,,,,Y,
1056,성산-진관외선,02,기능별,12,보조간선 기능별,,,,,Y,
1057,성산-홍제선,02,기능별,12,보조간선 기능별,,,,,Y,
1058,성수-자양선,02,기능별,12,보조간선 기능별,,,,,Y,
1059,성수동1가선,02,기능별,12,보조간선 기능별,,,,,Y,
1060,성수선,02,기능별,12,보조간선 기능별,,,,,Y,
1061,송정-상봉선,02,기능별,12,보조간선 기능별,,,,,Y,
1062,수서-오금선,02,기능별,12,보조간선 기능별,,,,,Y,
1063,수유-상계7선,02,기능별,12,보조간선 기능별,,,,,Y,
1065,시흥-독산본선,02,기능별,12,보조간선 기능별,,,,,Y,
1067,시흥선,02,기능별,12,보조간선 기능별,,,,,Y,
1068,신대방-신림선,02,기능별,12,보조간선 기능별,,,,,Y,
1070,신림-봉천선,02,기능별,12,보조간선 기능별,,,,,Y,
1072,신사-홍은선,02,기능별,12,보조간선 기능별,,,,,Y,
1074,신월-가양선,02,기능별,12,보조간선 기능별,,,,,Y,
1075,신월-노량진선,02,기능별,12,보조간선 기능별,,,,,Y,
1077,신월-화곡선,02,기능별,12,보조간선 기능별,,,,,Y,
1079,신정이펜하우스-남부순환로,02,기능별,12,보조간선 기능별,,,,,Y,
1080,신천-거여선,02,기능별,12,보조간선 기능별,,,,,Y,
1082,쌍문-도봉선,02,기능별,12,보조간선 기능별,,,,,Y,
1084,암사-상일선,02,기능별,12,보조간선 기능별,,,,,Y,
1086,여의도선,02,기능별,12,보조간선 기능별,,,,,Y,
1089,영등포-당산선,02,기능별,12,보조간선 기능별,,,,,Y,
1091,외발산-방화선,02,기능별,12,보조간선 기능별,,,,,Y,
1093,용산-서빙고선,02,기능별,12,보조간선 기능별,,,,,Y,
1095,월계-도봉선,02,기능별,12,보조간선 기능별,,,,,Y,
1097,의사당선,02,기능별,12,보조간선 기능별,,,,,Y,
1099,이수-청담선,02,기능별,12,보조간선 기능별,,,,,Y,
1100,일원-잠실선,02,기능별,12,보조간선 기능별,,,,,Y,
1102,잠실철교선,02,기능별,12,보조간선 기능별,,,,,Y,
1104,장지-거여선,02,기능별,12,보조간선 기능별,,,,,Y,
1106,적선-부암선,02,기능별,12,보조간선 기능별,,,,,Y,
1107,정릉-번동선,02,기능별,12,보조간선 기능별,,,,,Y,
1109,중곡-신내선,02,기능별,12,보조간선 기능별,,,,,Y,
1111,증산-연희선,02,기능별,12,보조간선 기능별,,,,,Y,
1113,창신-답십리선,02,기능별,12,보조간선 기능별,,,,,Y,
1114,청암-원효선,02,기능별,12,보조간선 기능별,,,,,Y,
1116,팔판-효자선,02,기능별,12,보조간선 기능별,,,,,Y,
1118,하수-마포선,02,기능별,12,보조간선 기능별,,,,,Y,
1119,한남-광희선,02,기능별,12,보조간선 기능별,,,,,Y,
1121,한남-태평로선,02,기능별,12,보조간선 기능별,,,,,Y,
1123,회기-번동선,02,기능별,12,보조간선 기능별,,,,,Y,
1125,흥인-면목선,02,기능별,12,보조간선 기능별,,,,,Y,
144,마방로,01,기본도로,05,기타도로,,,4,,Y,770
148,마천로,01,기본도로,05,기타도로,,,4,,Y,3492
150,만리재로,01,기본도로,03,주간선도로,,,5,,Y,2222
152,망우로21길,01,기본도로,05,기타도로,,,2,,Y,374
158,명동길,01,기본도로,05,기타도로,,,1,,N,516
159,명일로,01,기본도로,05,기타도로,,,4,,Y,3133
162,목동남로,01,기본도로,05,기타도로,,,4,,Y,1161
164,목동로,01,기본도로,04,보조간선도로,,,6,,Y,2721
167,무교로,01,기본도로,05,기타도로,,,3,,Y,711
171,문정로,01,기본도로,05,기타도로,,,4,,Y,2705
175,밤고개로,01,기본도로,03,주간선도로,,,8,,Y,3690
178,방화대로,01,기본도로,04,보조간선도로,,,8,,Y,1711
18,강서로17길,01,기본도로,05,기타도로,,,2,,Y,590
183,백범로90길,01,기본도로,05,기타도로,,,4,,Y,275
184,백석동길,01,기본도로,05,기타도로,,,2,,Y,146
188,범안로,01,기본도로,04,보조간선도로,,,6,,Y,1234
2,가락로,01,기본도로,05,기타도로,,,2,,Y,3029
20,개봉로,01,기본도로,04,보조간선도로,,,4,,Y,1309
244,서소문로,01,기본도로,03,주간선도로,,,6,,Y,1453
246,서운로,01,기본도로,05,기타도로,,,4,,Y,2303
250,서초대로,01,기본도로,03,주간선도로,,,8,,Y,4271
254,석계로,01,기본도로,05,기타도로,,,4,,Y,1090
256,석촌호수로,01,기본도로,05,기타도로,,,6,,Y,3016
26,경부고속도로,01,기본도로,02,도시고속도로,,,8,,Y,15473
263,성내로,01,기본도로,05,기타도로,,,4,,Y,958
265,성덕정길,01,기본도로,05,기타도로,,,2,,Y,1568
269,성수일로,01,기본도로,05,기타도로,,,4,,Y,1193
271,성암로,01,기본도로,04,보조간선도로,,,4,,Y,3385
273,세검정로,01,기본도로,03,주간선도로,,,4,,Y,2837
279,소월로,01,기본도로,04,보조간선도로,,,6,,Y,4184
602,방사선도로,03,유형별,09,외곽,4,,,,Y,
603,도시고속도로,03,유형별,09,외곽,3,,,,Y,
604,기타도로,03,유형별,09,외곽,5,,,,Y,
700,가양대교,04,기타도로,07,한강교량,,,,,Y,
701,광진교,04,기타도로,07,한강교량,,,,,Y,
702,동작대교,04,기타도로,07,한강교량,,,,,Y,
703,동호대교,04,기타도로,07,한강교량,,,,,Y,
704,마포대교,04,기타도로,07,한강교량,,,,,Y,
705,반포대교,04,기타도로,07,한강교량,,,,,Y,
706,방화대교,04,기타도로,07,한강교량,,,,,Y,
707,서강대교,04,기타도로,07,한강교량,,,,,Y,
708,성산대교,04,기타도로,07,한강교량,,,,,Y,
709,성수대교,04,기타도로,07,한강교량,,,,,Y,
710,양화대교,04,기타도로,07,한강교량,,,,,Y,
711,영동대교,04,기타도로,07,한강교량,,,,,Y,
712,올림픽대교,04,기타도로,07,한강교량,,,,,Y,
713,원효대교,04,기타도로,07,한강교량,,,,,Y,
714,잠수교,04,기타도로,07,한강교량,,,,,Y,
715,잠실대교,04,기타도로,07,한강교량,,,,,Y,
716,천호대교,04,기타도로,07,한강교량,,,,,Y,
717,청담대교,04,기타도로,07,한강교량,,,,,Y,
718,한강대교,04,기타도로,07,한강교량,,,,,Y,
719,한남대교,04,기타도로,07,한강교량,,,,,Y,
720,행주대교,04,기타도로,07,한강교량,,,,,Y,
800,가양-현저선,02,기능별,11,주간선도로 기능별,,,,,Y,
801,갈현-적선선,02,기능별,11,주간선도로 기능별,,,,,Y,
802,공덕-봉래선,02,기능별,11,주간선도로 기능별,,,,,Y,
803,과해-삼성선,02,기능별,11,주간선도로 기능별,,,,,Y,
804,내곡-월곡선,02,기능별,11,주간선도로 기능별,,,,,Y,
805,도심순환도로,02,기능별,11,주간선도로 기능별,,,,,Y,
806,방화-암사선,02,기능별,11,주간선도로 기능별,,,,,Y,
807,봉래-세종로선,02,기능별,11,주간선도로 기능별,,,,,Y,
808,사당-서빙고선,02,기능별,11,주간선도로 기능별,,,,,Y,
809,사당-암사선,02,기능별,11,주간선도로 기능별,,,,,Y,
810,서린-상일선,02,기능별,11,주간선도로 기능별,,,,,Y,
811,세곡-상계선,02,기능별,11,주간선도로 기능별,,,,,Y,
812,시흥-중림선,02,기능별,11,주간선도로 기능별,,,,,Y,
813,신림-진관내선,02,기능별,11,주간선도로 기능별,,,,,Y,
814,신설-공릉선,02,기능별,11,주간선도로 기능별,,,,,Y,
815,신월-신당선,02,기능별,11,주간선도로 기능별,,,,,Y,
816,신정-봉천선,02,기능별,11,주간선도로 기능별,,,,,Y,
817,양재-혜화선,02,기능별,11,주간선도로 기능별,,,,,Y,
818,양평-노고산선,02,기능별,11,주간선도로 기능별,,,,,Y,
819,온수-망우선,02,기능별,11,주간선도로 기능별,,,,,Y,
820,우면-수서선,02,기능별,11,주간선도로 기능별,,,,,Y,
821,우면-중학선,02,기능별,11,주간선도로 기능별,,,,,Y,
822,을지-둔촌선,02,기능별,11,주간선도로 기능별,,,,,Y,
823,장지-가회선,02,기능별,11,주간선도로 기능별,,,,,Y,
825,필동-도봉선,02,기능별,11,주간선도로 기능별,,,,,Y,
280,소월로2길,01,기본도로,04,보조간선도로,,,5,,Y,272
282,소파로,01,기본도로,04,보조간선도로,,,6,,Y,1608
283,솔샘로,01,기본도로,04,보조간선도로,,,4,,Y,3405
287,송이로32길,01,기본도로,04,보조간선도로,,,2,,Y,443
289,송파대로4길,01,기본도로,05,기타도로,,,4,,Y,326
293,수색로,01,기본도로,03,주간선도로,,,8,,Y,4104
294,수표로,01,기본도로,04,보조간선도로,,,2,,Y,157
298,신내로,01,기본도로,04,보조간선도로,,,8,,Y,2979
299,신림로,01,기본도로,04,보조간선도로,,,6,,Y,3927
30,경희궁길,01,기본도로,05,기타도로,,,2,,N,686
301,신목로7길,01,기본도로,05,기타도로,,,4,,Y,177
304,신월로,01,기본도로,04,보조간선도로,,,6,,Y,3008
308,올림픽로35길,01,기본도로,04,보조간선도로,,,4,,Y,1518
311,신풍로,01,기본도로,04,보조간선도로,,,4,,Y,1285
313,아리랑로,01,기본도로,04,보조간선도로,,,4,,Y,1310
315,아리수로50길,01,기본도로,05,기타도로,,,2,,Y,527
319,안암로,01,기본도로,03,주간선도로,,,6,,Y,1813
321,압구정로,01,기본도로,04,보조간선도로,,,8,,Y,2858
323,양녕로,01,기본도로,04,보조간선도로,,,6,,Y,5106
327,양재대로,01,기본도로,03,주간선도로,,,8,,Y,17160
329,양재대로55길,01,기본도로,05,기타도로,,,3,,Y,333
331,양천로,01,기본도로,04,보조간선도로,,,6,,Y,7478
335,양천로59길,01,기본도로,05,기타도로,,,2,,Y,298
337,양평로,01,기본도로,04,보조간선도로,,,6,,Y,2297
34,고덕로62길,01,기본도로,05,기타도로,,,2,,Y,652
343,여의동로,01,기본도로,04,보조간선도로,,,5,,Y,3875
345,역말로,01,기본도로,05,기타도로,,,4,,Y,1894
347,연남로,01,기본도로,05,기타도로,,,4,,Y,1151
351,연희로,01,기본도로,04,보조간선도로,,,5,,Y,4179
355,영등포로,01,기본도로,04,보조간선도로,,,7,,Y,4435
357,영중로,01,기본도로,04,보조간선도로,,,6,,Y,1367
360,오리로,01,기본도로,04,보조간선도로,,,4,,Y,3389
37,고산자로,01,기본도로,03,주간선도로,,,6,,Y,5551
39,곰달래로,01,기본도로,04,보조간선도로,,,2,,Y,2780
42,공항대로,01,기본도로,03,주간선도로,,,8,,Y,6778
44,공항대로59길,01,기본도로,05,기타도로,,,4,,Y,651
243,서빙고로51길,01,기본도로,05,기타도로,,,4,,Y,639
252,서해안고속도로,04,기타도로,06,경기도로,,,,,Y,
300,신목로,01,기본도로,04,보조간선도로,,,6,,Y,1285
334,양천로57길,01,기본도로,05,기타도로,,,4,,Y,308
23,거마로,01,기본도로,05,기타도로,,,6,,Y,990
58,군자로,01,기본도로,04,보조간선도로,,,2,,Y,873
111,도산대로,01,기본도로,04,보조간선도로,,,10,,Y,3276
142,마들로,01,기본도로,04,보조간선도로,,,6,,Y,8608
213,살곶이길,01,기본도로,04,보조간선도로,,,4,,Y,3678
366,올림픽로92길,01,기본도로,05,기타도로,,,2,,Y,374
378,월계로,01,기본도로,04,보조간선도로,,,6,,Y,4062
405,자유로,01,기본도로,02,도시고속도로,,,6,,Y,466
423,제3경인고속화도로,04,기타도로,06,경기도로,,,,,Y,
437,중부고속도로,04,기타도로,06,경기도로,,,,,Y,
450,천호대로,01,기본도로,03,주간선도로,,,10,,Y,14741
466,태릉구리간고속화도로,04,기타도로,06,경기도로,,,,,Y,
500,화랑로,01,기본도로,03,주간선도로,,,8,,Y,10206
600,도심권(동서간),03,유형별,08,도심권,1,,,,Y,
601,도심권(남북간),03,유형별,08,도심권,2,,,,Y,
48,광나루로56길,01,기본도로,05,기타도로,,,6,,Y,513
5,가마산로,01,기본도로,04,보조간선도로,,,6,,Y,5463
52,구로중앙로,01,기본도로,04,보조간선도로,,,6,,Y,2487
522,도당로13길,01,기본도로,05,기타도로,,,2,,Y,622
524,면목로91길,01,기본도로,05,기타도로,,,,N,N,539
55,구천면로,01,기본도로,04,보조간선도로,,,4,,Y,6731
57,국회대로,01,기본도로,03,주간선도로,,,8,,Y,9137
59,금낭화로,01,기본도로,05,기타도로,,,4,,Y,1667
6,가산디지털1로,01,기본도로,05,기타도로,,,4,,Y,2426
62,금하로,01,기본도로,04,보조간선도로,,,4,,Y,2890
64,기아로,01,기본도로,04,보조간선도로,,,,N,N,326
66,김포대로,01,기본도로,05,기타도로,,,4,,Y,523
67,까치산로,01,기본도로,05,기타도로,,,2,,Y,2046
70,난계로,01,기본도로,04,보조간선도로,,,6,,Y,2642
72,남대문로,01,기본도로,04,보조간선도로,,,8,,Y,1311
73,남대문로7길,01,기본도로,05,기타도로,,,4,,Y,249
75,남부순환로72길,01,기본도로,05,기타도로,,,4,,Y,232
8,가산로,01,기본도로,04,보조간선도로,,,4,,Y,1618
81,노량진로,01,기본도로,04,보조간선도로,,,8,,Y,2582
83,노원로,01,기본도로,04,보조간선도로,,,6,,Y,5995
85,노해로,01,기본도로,04,보조간선도로,,,6,,Y,5359
86,녹사평대로,01,기본도로,05,기타도로,,,6,,Y,4273
88,녹사평대로58길,01,기본도로,04,보조간선도로,,,2,,Y,2151
9,가양대로,01,기본도로,05,기타도로,,,8,,Y,2380
91,다산로,01,기본도로,04,보조간선도로,,,6,,Y,2977
93,당산로,01,기본도로,04,보조간선도로,,,6,,Y,2521
94,당산로54길,01,기본도로,04,보조간선도로,,,6,,Y,478
96,대방천길,01,기본도로,04,보조간선도로,,,3,,N,816
98,대학로,01,기본도로,03,주간선도로,,,6,,Y,1670
510,수도권제2순환고속도로,04,기타도로,06,경기도로,,,,,Y,
513,인천대교고속도로,04,기타도로,06,경기도로,,,,,Y,
516,평택-시흥고속국도,04,기타도로,06,경기도로,,,,,Y,
1064,수유-상계선,02,기능별,12,보조간선 기능별,,,,,Y,
1066,시흥-신림선,02,기능별,12,보조간선 기능별,,,,,Y,
1069,신림-노량진선,02,기능별,12,보조간선 기능별,,,,,Y,
1071,신사-청담선,02,기능별,12,보조간선 기능별,,,,,Y,
1073,신영-동선동선,02,기능별,12,보조간선 기능별,,,,,Y,
1076,신월-목동선,02,기능별,12,보조간선 기능별,,,,,Y,
1078,신정-목동선,02,기능별,12,보조간선 기능별,,,,,Y,
1081,신천동선,02,기능별,12,보조간선 기능별,,,,,Y,
1083,암사-강일선,02,기능별,12,보조간선 기능별,,,,,Y,
1085,양평-상도선,02,기능별,12,보조간선 기능별,,,,,Y,
1087,역촌-녹번선,02,기능별,12,보조간선 기능별,,,,,Y,
1090,오류-대림선,02,기능별,12,보조간선 기능별,,,,,Y,
1092,용두-면목선,02,기능별,12,보조간선 기능별,,,,,Y,
1094,용산-성수선,02,기능별,12,보조간선 기능별,,,,,Y,
1096,월곡선,02,기능별,12,보조간선 기능별,,,,,Y,
1098,이문-신내선,02,기능별,12,보조간선 기능별,,,,,Y,
1101,잠실-방이선,02,기능별,12,보조간선 기능별,,,,,Y,
1103,장안-수유선,02,기능별,12,보조간선 기능별,,,,,Y,
1105,저동-을지로선,02,기능별,12,보조간선 기능별,,,,,Y,
1108,종암-회기선,02,기능별,12,보조간선 기능별,,,,,Y,
1110,중학-성북선,02,기능별,12,보조간선 기능별,,,,,Y,
1112,진관내-진관외선,02,기능별,12,보조간선 기능별,,,,,Y,
1115,충무-낙원선,02,기능별,12,보조간선 기능별,,,,,Y,
1117,필동-와룡선,02,기능별,12,보조간선 기능별,,,,,Y,
1120,한남-응봉선,02,기능별,12,보조간선 기능별,,,,,Y,
1122,홍익-용두선,02,기능별,12,보조간선 기능별,,,,,Y,
1124,휘경-면목선,02,기능별,12,보조간선 기능별,,,,,Y,
19,강서로29길,01,기본도로,05,기타도로,,,2,,Y,582
277,세종대로21길,01,기본도로,05,기타도로,,,2,,Y,203
245,서오릉로,01,기본도로,04,보조간선도로,,,7,,Y,2902
251,서초중앙로,01,기본도로,04,보조간선도로,,,8,,Y,2621
257,선릉로,01,기본도로,05,기타도로,,,6,,Y,6347
260,섬밭로,01,기본도로,05,기타도로,,,4,,Y,3299
268,성수이로,01,기본도로,05,기타도로,,,4,,Y,1143
272,성중길,01,기본도로,05,기타도로,,,2,,Y,1284
278,소공로,01,기본도로,03,주간선도로,,,8,,Y,1295
284,솔샘로67길,01,기본도로,05,기타도로,,,2,,Y,1521
295,시루봉로,01,기본도로,04,보조간선도로,,,4,,Y,3152
302,신반포로,01,기본도로,04,보조간선도로,,,8,,Y,3470
309,신촌로,01,기본도로,03,주간선도로,,,8,,Y,3291
314,아리수로,01,기본도로,04,보조간선도로,,,4,,Y,4780
318,아차산로70길,01,기본도로,05,기타도로,,,4,,Y,542
320,안양천로,01,기본도로,04,보조간선도로,,,6,,Y,12974
326,양원역로,01,기본도로,05,기타도로,,,,N,N,638
332,양천로27길,01,기본도로,05,기타도로,,,4,,Y,297
338,양화로,01,기본도로,03,주간선도로,,,8,,Y,2165
342,여의대방로,01,기본도로,03,주간선도로,,,6,,Y,6623
346,역삼로,01,기본도로,04,보조간선도로,,,6,,Y,3736
358,오금로,01,기본도로,04,보조간선도로,,,6,,Y,5363
1,4.19로,01,기본도로,04,보조간선도로,,,4,,Y,1544
7,가산디지털2로,01,기본도로,05,기타도로,,,4,,Y,1992
11,갈현로,01,기본도로,05,기타도로,,,2,,Y,3479
999,기타,02,기능별,11,주간선도로 기능별,0,0,0,,,0
1999,기타,02,기능별,12,보조간선 기능별,0,0,0,,,0
324,양산로(송파),01,기본도로,04,보조간선도로,,,6,,Y,230
536,강남순환로,01,기본도로,02,도시고속도로,,,4,,Y,12769
112,도신로,01,기본도로,04,보조간선도로,,,6,,Y,2647
13,강동대로,01,기본도로,03,주간선도로,,,9,,Y,5102
14,강변북로,01,기본도로,02,도시고속도로,,,9,,Y,30266
21,개포로,01,기본도로,05,기타도로,,,4,,Y,4511
28,경인로,01,기본도로,03,주간선도로,,,8,,Y,9588
36,고덕로80길,01,기본도로,05,기타도로,,,4,,Y,692
40,공릉로,01,기본도로,05,기타도로,,,4,,Y,4495
45,과천대로,01,기본도로,05,기타도로,,,10,,Y,2240
47,광나루로,01,기본도로,03,주간선도로,,,6,,Y,6830
53,구의강변로,01,기본도로,05,기타도로,,,4,,Y,321
60,금낭화로23길,01,기본도로,05,기타도로,,,4,,N,237
65,긴고랑로,01,기본도로,05,기타도로,,,4,,Y,1877
74,남부순환로,01,기본도로,03,주간선도로,,,8,,Y,32017
79,내부순환로,01,기본도로,02,도시고속도로,,,6,,Y,23319
84,노원로26길,01,기본도로,05,기타도로,,,3,,Y,1016
89,논현로,01,기본도로,03,주간선도로,,,6,,Y,8312
95,대림로,01,기본도로,04,보조간선도로,,,6,,Y,2663
99,대흥로,01,기본도로,04,보조간선도로,,,5,,Y,2012
101,덕수궁길,01,기본도로,05,기타도로,,,2,,Y,938
103,도곡로62길,01,기본도로,05,기타도로,,,2,,Y,647
106,도림천로,01,기본도로,03,주간선도로,,,6,,Y,4930
108,도봉로170길,01,기본도로,04,보조간선도로,,,4,,Y,396
110,도봉산길,01,기본도로,04,보조간선도로,,,2,,N,917
113,독막로,01,기본도로,04,보조간선도로,,,6,,Y,3409
115,독서당로,01,기본도로,04,보조간선도로,,,4,,Y,3831
118,동교로,01,기본도로,05,기타도로,,,4,,Y,2279
120,동남로12길,01,기본도로,04,보조간선도로,,,4,,Y,382
123,동남로82길,01,기본도로,05,기타도로,,,2,,Y,828
124,동부간선도로,01,기본도로,02,도시고속도로,,,6,,Y,20621
129,동일로191가길,01,기본도로,05,기타도로,,,2,,Y,423
130,동일로213길,01,기본도로,05,기타도로,,,4,,Y,517
134,동호로,01,기본도로,03,주간선도로,,,7,,Y,4082
136,두텁바위로,01,기본도로,04,보조간선도로,,,4,,Y,580
138,디지털로,01,기본도로,04,보조간선도로,,,6,,Y,3515
141,뚝섬로,01,기본도로,04,보조간선도로,,,4,,Y,6914
145,마장로,01,기본도로,04,보조간선도로,,,5,,Y,3690
151,망우로,01,기본도로,03,주간선도로,,,6,,Y,5741
155,면목로,01,기본도로,04,보조간선도로,,,4,,Y,4994
611,도심혼잡권역,13,혼잡권역,27,도심혼잡권역,,,,,Y,
166,목동중앙로,01,기본도로,04,보조간선도로,,,5,,Y,2233
170,문성로,01,기본도로,04,보조간선도로,,,4,,Y,2564
179,방화대로47길,01,기본도로,05,기타도로,,,4,,Y,398
185,백제고분로,01,기본도로,04,보조간선도로,,,8,,Y,5179
189,벚꽃로,01,기본도로,05,기타도로,,,4,,Y,3519
190,보광로,01,기본도로,05,기타도로,,,2,,Y,1334
191,보국문로,01,기본도로,04,보조간선도로,,,4,,Y,2097
193,보문로,01,기본도로,03,주간선도로,,,6,,Y,2067
195,봉은사로,01,기본도로,03,주간선도로,,,7,,Y,4213
197,봉천로,01,기본도로,03,주간선도로,,,8,,Y,5120
200,북부간선도로,01,기본도로,02,도시고속도로,,,4,,Y,5733
203,북한산로,01,기본도로,04,보조간선도로,,,4,,Y,3358
205,불광로,01,기본도로,05,기타도로,,,4,,Y,2145
207,사가정로,01,기본도로,04,보조간선도로,,,6,,Y,4389
209,사임당로,01,기본도로,04,보조간선도로,,,4,,Y,1882
212,사평대로,01,기본도로,03,주간선도로,,,8,,Y,3813
216,삼선교로,01,기본도로,04,보조간선도로,,,2,,Y,918
218,삼양로,01,기본도로,04,보조간선도로,,,4,,Y,6869
220,삼전로,01,기본도로,04,보조간선도로,,,8,,Y,1749
222,삼청로,01,기본도로,04,보조간선도로,,,4,,Y,3431
225,삼학사로2길,01,기본도로,05,기타도로,,,4,,Y,275
227,상도로,01,기본도로,04,보조간선도로,,,6,,Y,5002
230,상암로,01,기본도로,04,보조간선도로,,,4,,Y,4281
233,상일로,01,기본도로,04,보조간선도로,,,6,,Y,1671
234,상일로11길,01,기본도로,05,기타도로,,,2,,Y,615
237,새문안로,01,기본도로,03,주간선도로,,,8,,Y,1120
239,새창로,01,기본도로,05,기타도로,,,4,,Y,2315
241,서부간선도로,01,기본도로,03,주간선도로,,,4,,Y,10202
364,올림픽대로,01,기본도로,02,도시고속도로,,,8,,Y,41864
367,올림픽로98길,01,기본도로,05,기타도로,,,2,,Y,354
370,왕십리로,01,기본도로,03,주간선도로,,,6,,Y,4262
373,우마길,01,기본도로,04,보조간선도로,,,2,,N,390
612,남산혼잡권역,13,혼잡권역,28,남산혼잡권역,,,,,Y,
613,여의도혼잡권역,13,혼잡권역,29,여의도혼잡권역,,,,,Y,
614,강남혼잡권역,13,혼잡권역,30,강남혼잡권역,,,,,Y,
375,우장산로,01,기본도로,05,기타도로,,,2,,Y,1329
377,원효로,01,기본도로,03,주간선도로,,,6,,Y,2725
379,월곡로,01,기본도로,03,주간선도로,,,2,,Y,920
383,율곡로,01,기본도로,03,주간선도로,,,8,,Y,3182
385,은평로,01,기본도로,04,보조간선도로,,,6,,Y,2515
387,을지로45길,01,기본도로,05,기타도로,,,5,,Y,429
390,이문로,01,기본도로,04,보조간선도로,,,6,,Y,2283
392,이촌로46길,01,기본도로,05,기타도로,,,3,,Y,532
398,인촌로,01,기본도로,04,보조간선도로,,,4,,Y,1213
400,인촌로7길,01,기본도로,05,기타도로,,,2,,Y,636
403,자양로,01,기본도로,03,주간선도로,,,6,,Y,2742
407,잔다리로,01,기본도로,05,기타도로,,,4,,Y,1384
410,잠원로,01,기본도로,04,보조간선도로,,,8,,Y,2618
412,장승배기로,01,기본도로,04,보조간선도로,,,4,,Y,1769
414,장위로,01,기본도로,05,기타도로,,,3,,Y,1951
416,장한로,01,기본도로,05,기타도로,,,6,,Y,2087
418,정동길,01,기본도로,05,기타도로,,,2,,Y,519
424,제기로,01,기본도로,04,보조간선도로,,,5,,Y,1673
426,조정대로,01,기본도로,05,기타도로,,,8,,N,21
429,종암로,01,기본도로,03,주간선도로,,,8,,Y,2242
430,종암로30길,01,기본도로,05,기타도로,,,1,,N,90
434,중랑역로,01,기본도로,05,기타도로,,,4,,Y,2855
436,중림로,01,기본도로,05,기타도로,,,2,,Y,533
439,증가로,01,기본도로,04,보조간선도로,,,4,,Y,2722
441,지봉로,01,기본도로,04,보조간선도로,,,4,,Y,1927
444,진황도로,01,기본도로,05,기타도로,,,3,,Y,2598
446,창경궁로,01,기본도로,03,주간선도로,,,7,,Y,3313
448,창전로,01,기본도로,05,기타도로,,,4,,Y,1045
452,천호대로213길,01,기본도로,05,기타도로,,,4,,Y,152
455,청와대로,01,기본도로,04,보조간선도로,,,4,,Y,814
457,청파로47길,01,기본도로,05,기타도로,,,2,,Y,631
460,충무로,01,기본도로,04,보조간선도로,,,3,,Y,794
463,충정로,01,기본도로,03,주간선도로,,,8,,Y,854
465,탄천동로,01,기본도로,05,기타도로,,,4,,Y,8472
468,테헤란로,01,기본도로,03,주간선도로,,,10,,Y,4057
469,테헤란로114길,01,기본도로,05,기타도로,,,2,,Y,330
472,통일로,01,기본도로,03,주간선도로,,,8,,Y,11665
473,퇴계로,01,기본도로,03,주간선도로,,,6,,Y,4710
476,하늘공원로,01,기본도로,05,기타도로,,,4,,N,1473
480,한가람로,01,기본도로,05,기타도로,,,4,,Y,3180
482,한강대로77길,01,기본도로,05,기타도로,,,4,,Y,180
485,한천로,01,기본도로,04,보조간선도로,,,6,,Y,11862
487,한천로66길,01,기본도로,05,기타도로,,,4,,Y,1226
490,허준로,01,기본도로,05,기타도로,,,4,,Y,2494
492,현충로,01,기본도로,03,주간선도로,,,8,,Y,2807
494,호암로,01,기본도로,04,보조간선도로,,,4,,Y,4936
497,홍제천로,01,기본도로,05,기타도로,,,4,,Y,1635
499,화곡로,01,기본도로,04,보조간선도로,,,6,,Y,5991
503,회기로5길,01,기본도로,05,기타도로,,,3,,Y,1079
504,효령로,01,기본도로,04,보조간선도로,,,7,,Y,4404
507,후암로,01,기본도로,04,보조간선도로,,,4,,Y,1164
518,바우뫼로,01,기본도로,05,기타도로,,,4,,Y,1557
520,토성로,01,기본도로,05,기타도로,,,4,,Y,854
525,올림픽로43길,01,기본도로,05,기타도로,,,2,,Y,1573
149,마포대로,01,기본도로,03,주간선도로,,,10,,Y,2807
156,면목천로,01,기본도로,04,보조간선도로,,,6,,Y,1974
160,모래내로,01,기본도로,04,보조간선도로,,,4,,Y,4738
165,목동서로,01,기본도로,04,보조간선도로,,,5,,Y,4544
17,강서로,01,기본도로,04,보조간선도로,,,6,,Y,5622
173,반포대로,01,기본도로,03,주간선도로,,,8,,Y,4617
176,방배로,01,기본도로,04,보조간선도로,,,6,,Y,2887
181,방화동로,01,기본도로,05,기타도로,,,2,,Y,1342
186,버드나루로,01,기본도로,04,보조간선도로,,,4,,Y,1556
22,개화동로,01,기본도로,03,주간선도로,,,6,,Y,5804
242,서빙고로,01,기본도로,03,주간선도로,,,6,,Y,6133
25,겸재로,01,기본도로,04,보조간선도로,,,4,,Y,2840
258,선유로,01,기본도로,03,주간선도로,,,6,,Y,4156
261,성균관로,01,기본도로,05,기타도로,,,2,,Y,963
267,성산로,01,기본도로,03,주간선도로,,,6,,Y,8721
27,경인고속도로,01,기본도로,02,도시고속도로,,,6,,Y,9445
275,세종대로18길,01,기본도로,05,기타도로,,,2,,Y,226
285,송월길,01,기본도로,05,기타도로,,,2,,Y,889
290,송파대로60길,01,기본도로,05,기타도로,,,2,,Y,972
296,시흥대로,01,기본도로,03,주간선도로,,,10,,Y,6841
303,신사로,01,기본도로,05,기타도로,,,4,,Y,1913
306,신정로,01,기본도로,04,보조간선도로,,,6,,Y,3104
31,고덕로,01,기본도로,04,보조간선도로,,,6,,Y,4210
317,아차산로,01,기본도로,04,보조간선도로,,,7,,Y,7650
32,고덕로55길,01,기본도로,05,기타도로,,,2,,Y,456
325,양산로(영등포),01,기본도로,05,기타도로,,,2,,Y,1702
330,양재천로,01,기본도로,05,기타도로,,,2,,Y,4527
333,양천로55길,01,기본도로,05,기타도로,,,2,,Y,371
339,언주로,01,기본도로,03,주간선도로,,,8,,Y,12052
341,여의대로,01,기본도로,05,기타도로,,,10,,Y,2734
348,연서로,01,기본도로,04,보조간선도로,,,6,,Y,4884
354,영동대로,01,기본도로,03,주간선도로,,,10,,Y,5729
359,오류로,01,기본도로,05,기타도로,,,2,,Y,1102
361,오목로,01,기본도로,04,보조간선도로,,,6,,Y,3974
4,가로공원로76길,01,기본도로,05,기타도로,,,2,,Y,575
46,관악로,01,기본도로,03,주간선도로,,,8,,Y,2448
264,성내천로,01,기본도로,05,기타도로,,,4,,Y,1667
356,영신로,01,기본도로,05,기타도로,,,4,,Y,2821
92,답십리로,01,기본도로,04,보조간선도로,,,4,,Y,4125
127,동일로,01,기본도로,03,주간선도로,,,6,,Y,17963
198,봉화산로,01,기본도로,04,보조간선도로,,,4,,Y,2593
229,상봉중앙로,01,기본도로,05,기타도로,,,4,,Y,659
393,이촌로51길,01,기본도로,05,기타도로,,,2,,Y,561
420,정릉천동로,01,기본도로,05,기타도로,,,4,,Y,955
483,한글비석로,01,기본도로,04,보조간선도로,,,6,,Y,5881
154,매봉산로,01,기본도로,05,기타도로,,,4,,Y,925
526,시흥대로73길,01,기본도로,05,기타도로,,,,N,N,447
544,창의문로,01,기본도로,04,보조간선도로,,,2,,Y,1448
235,새말로,01,기본도로,05,기타도로,,,4,,Y,1840
538,자곡로,01,기본도로,05,기타도로,,,6,,Y,890
540,가재울미래로,01,기본도로,05,기타도로,,,4,,Y,380
161,모래내로15길,01,기본도로,05,기타도로,,,4,,Y,467
174,발산로,01,기본도로,04,보조간선도로,,,4,,Y,514
527,수색로6길,01,기본도로,05,기타도로,,,2,,Y,282
24,거북골로,01,기본도로,05,기타도로,,,4,,Y,2367
543,마곡서로,01,기본도로,04,보조간선도로,,,4,,Y,653
542,마곡중앙로,01,기본도로,04,보조간선도로,,,6,,Y,2124
537,수명로,01,기본도로,04,보조간선도로,,,6,,Y,869
541,마곡중앙5로,01,기본도로,05,기타도로,,,4,,Y,998
3006,강변북로,30,도시고속 구간,31,강변북로_구간,,,,,Y,
3005,강변북로,30,도시고속 구간,31,강변북로_구간,,,,,Y,
3004,강변북로,30,도시고속 구간,31,강변북로_구간,,,,,Y,
3003,강변북로,30,도시고속 구간,31,강변북로_구간,,,,,Y,
3002,강변북로,30,도시고속 구간,31,강변북로_구간,,,,,Y,
3001,강변북로,30,도시고속 구간,31,강변북로_구간,,,,,Y,
3011,경부고속도로,30,도시고속 구간,32,경부고속도로_구간,,,,,Y,
3021,내부순환로,30,도시고속 구간,33,내부순환로_구간,,,,,Y,
3022,내부순환로,30,도시고속 구간,33,내부순환로_구간,,,,,Y,
3023,내부순환로,30,도시고속 구간,33,내부순환로_구간,,,,,Y,
3031,동부간선도로,30,도시고속 구간,34,동부간선도로_구간,,,,,Y,
3032,동부간선도로,30,도시고속 구간,34,동부간선도로_구간,,,,,Y,
3041,북부간선도로,30,도시고속 구간,35,북부간선도로_구간,,,,,Y,
3042,북부간선도로,30,도시고속 구간,35,북부간선도로_구간,,,,,Y,
3051,분당수서로,30,도시고속 구간,36,분당수서로_구간,,,,,Y,
3052,분당수서로,30,도시고속 구간,36,분당수서로_구간,,,,,Y,
3061,서부간선도로,30,도시고속 구간,37,서부간선도로_구간,,,,,Y,
3062,서부간선도로,30,도시고속 구간,37,서부간선도로_구간,,,,,Y,
3063,서부간선도로,30,도시고속 구간,37,서부간선도로_구간,,,,,Y,
3071,올림픽대로,30,도시고속 구간,38,올림픽대로_구간,,,,,Y,
3072,올림픽대로,30,도시고속 구간,38,올림픽대로_구간,,,,,Y,
3073,올림픽대로,30,도시고속 구간,38,올림픽대로_구간,,,,,Y,
3074,올림픽대로,30,도시고속 구간,38,올림픽대로_구간,,,,,Y,
3075,올림픽대로,30,도시고속 구간,38,올림픽대로_구간,,,,,Y,
3076,올림픽대로,30,도시고속 구간,38,올림픽대로_구간,,,,,Y,
3077,올림픽대로,30,도시고속 구간,38,올림픽대로_구간,,,,,Y,
3081,강남순환로,30,도시고속 구간,39,강남순환로_구간,,,,,Y,
3082,강남순환로,30,도시고속 구간,39,강남순환로_구간,,,,,Y,
3083,강남순환로,30,도시고속 구간,39,강남순환로_구간,,,,,Y,
721,월드컵대교,04,기타도로,07,한강교량,,,,,Y,
21001,신월여의지하도로,01,기본도로,02,도시고속도로,,,2,,Y,6849
21002,서부간선지하도로,01,기본도로,02,도시고속도로,,,2,,Y,8737
690,도심권(동서간),93,유형별_SM,98,도심권_SM,1,,,,N,
691,도심권(남북간),93,유형별_SM,98,도심권_SM,2,,,,N,
692,방사선도로,93,유형별_SM,99,외곽_SM,4,,,,N,
693,도시고속도로,93,유형별_SM,99,외곽_SM,3,,,,N,
694,기타도로,93,유형별_SM,99,외곽_SM,5,,,,N,
545,위례서로,01,기본도로,05,기타도로,,,3,,Y,454
547,위례중앙로,01,기본도로,05,기타도로,,,2,,Y,996
548,위례순환로,01,기본도로,05,기타도로,,,2,,Y,878
266,성북로,01,기본도로,04,보조간선도로,,,4,,Y,1941
132,동일로243길,01,기본도로,04,보조간선도로,,,4,,Y,522
210,사직로,01,기본도로,03,주간선도로,,,9,,Y,1901
415,장충단로,01,기본도로,03,주간선도로,,,6,,Y,2848
1088,역촌-대조선,02,기능별,12,보조간선 기능별,,,,,Y,
169,문래로,01,기본도로,05,기타도로,,,4,,Y,1862
824,장지-성수선,02,기능별,11,주간선도로 기능별,,,,,Y,
35,고덕로79길,01,기본도로,05,기타도로,,,2,,Y,682
51,구로동로,01,기본도로,04,보조간선도로,,,4,,Y,2208
288,송파대로,01,기본도로,03,주간선도로,,,11,,Y,7356
605,도심생활권,11,권역별,21,도심생활권,,,,,Y,
606,동남생활권,11,권역별,22,동남생활권,,,,,Y,
607,동북생활권,11,권역별,23,동북생활권,,,,,Y,
608,서남생활권,11,권역별,24,서남생활권,,,,,Y,
609,서북생활권,11,권역별,25,서북생활권,,,,,Y,
610,한양도성,12,한양도성,26,한양도성,,,,,Y,
20028,새문안로3길,01,기본도로,05,기타도로,,,2,,Y,637
406,자하문로,01,기본도로,03,주간선도로,,,6,,Y,3199
531,용마터널,01,기본도로,04,보조간선도로,,,,,Y,3163
532,구리암사대교,01,기본도로,04,보조간선도로,,,,,Y,1151
533,암사대교와양재대로연결길,01,기본도로,04,보조간선도로,,,,,Y,1374
69,낙성대로,01,기본도로,05,기타도로,,,,N,N,1132
20001,공원로,01,기본도로,04,보조간선도로,,,5,,Y,1272
20002,농수산시장로,01,기본도로,04,보조간선도로,,,3,,Y,460
20003,상암산로,01,기본도로,05,기타도로,,,3,,Y,917
20007,노해로66길,01,기본도로,04,보조간선도로,,,2,,Y,685
20008,도영로,01,기본도로,05,기타도로,,,2,,Y,1443
20009,동산로,01,기본도로,05,기타도로,,,2,,Y,979
20010,수유로,01,기본도로,05,기타도로,,,3,,Y,846
20011,여의공원로,01,기본도로,05,기타도로,,,2,,Y,1246
20012,은행로,01,기본도로,05,기타도로,,,2,,Y,719
20013,충민로,01,기본도로,05,기타도로,,,4,,Y,1903
20014,행당로,01,기본도로,04,보조간선도로,,,2,,Y,1375
20015,황물로,01,기본도로,05,기타도로,,,2,,Y,1970
20016,목동중앙본로,01,기본도로,05,기타도로,,,1,,Y,1341
20017,백련산로,01,기본도로,05,기타도로,,,2,,Y,1858
20018,북아현로,01,기본도로,05,기타도로,,,1,,Y,2200
20019,삼개로,01,기본도로,05,기타도로,,,1,,Y,867
20020,솔밭로,01,기본도로,05,기타도로,,,1,,Y,1130
20021,외대역동로,01,기본도로,05,기타도로,,,2,,Y,1425
20022,우이천로,01,기본도로,05,기타도로,,,2,,Y,4974
20024,장월로,01,기본도로,05,기타도로,,,1,,Y,1798
20025,장터길,01,기본도로,05,기타도로,,,1,,Y,453
20027,흑석로,01,기본도로,05,기타도로,,,2,,Y,1341
